2026-06-15_22-21-07,0,main.go:2026-06-15_22-21-07;stack.go:2026-06-15_22-21-07
2026-06-15_22-26-39,0,main.go:2026-06-15_22-21-07;stack.go:2026-06-15_22-21-07
2026-06-15_22-31-46,0,main.go:2026-06-15_22-31-46;stack.go:2026-06-15_22-21-07
2026-06-15_22-32-13,0,main.go:2026-06-15_22-31-46;stack.go:2026-06-15_22-21-07
2026-06-15_22-32-17,0,stack.go:2026-06-15_22-21-07;main.go:2026-06-15_22-31-46
2026-06-15_22-56-48,0,main.go:2026-06-15_22-56-48;stack.go:2026-06-15_22-21-07
2026-06-15_22-56-49,0,main.go:2026-06-15_22-56-48;stack.go:2026-06-15_22-21-07
2026-06-15_22-56-49,0,main.go:2026-06-15_22-56-48;stack.go:2026-06-15_22-21-07
2026-06-15_22-57-13,0,stack.go:2026-06-15_22-21-07;main.go:2026-06-15_22-56-48
2026-06-15_22-57-14,0,stack.go:2026-06-15_22-21-07;main.go:2026-06-15_22-56-48
2026-06-15_22-57-14,0,stack.go:2026-06-15_22-21-07;main.go:2026-06-15_22-56-48
2026-06-15_22-57-16,0,main.go:2026-06-15_22-56-48;stack.go:2026-06-15_22-21-07
2026-06-15_23-02-00,100,main.go:2026-06-15_23-02-00;stack.go:2026-06-15_22-21-07
2026-06-15_23-02-41,100,main.go:2026-06-15_23-02-00;stack.go:2026-06-15_22-21-07
